filename;x;y;x_width;y_width
image_1.jpg;1566;1126;656;628
image_2.jpg;1492;1252;656;628
image_3.jpg;1656;1087;656;628
image_4.jpg;1481;1246;656;628
image_5.jpg;1626;1236;656;628
image_6.jpg;1673;1274;672;650
image_7.jpg;1688;1214;672;650
image_8.jpg;1698;1137;672;650
image_9.jpg;1564;1210;672;650
image_10.jpg;1624;1288;672;650
image_11.jpg;1698;1096;704;688
image_12.jpg;1604;1162;704;688
image_13.jpg;1641;1126;704;688
image_14.jpg;1665;1129;704;688
image_15.jpg;1602;1250;704;688
image_16.jpg;1593;1291;640;627
image_17.jpg;1659;1132;640;627
image_18.jpg;1541;1252;640;627
image_19.jpg;1724;1285;640;627
image_20.jpg;1679;1238;640;627
image_21.jpg;1528;1144;640;632
image_22.jpg;1704;1146;640;632
image_23.jpg;1699;1160;640;632
image_24.jpg;1638;1158;640;632
image_25.jpg;1574;1226;640;632
image_26.jpg;1533;1179;632;640
image_27.jpg;1638;1128;632;640
image_28.jpg;1559;1181;632;640
image_29.jpg;1522;1269;632;640
image_30.jpg;1649;1149;632;640
image_31.jpg;1653;1247;666;654
image_32.jpg;1634;1086;666;654
image_33.jpg;1530;1157;666;654
image_34.jpg;1669;1229;666;654
image_35.jpg;1610;1119;666;654
image_36.jpg;1651;1140;543;525
image_37.jpg;1622;1123;543;525
image_38.jpg;1552;1067;543;525
image_39.jpg;1652;1189;543;525
image_40.jpg;1584;1095;543;525
image_41.jpg;1527;1096;600;584
image_42.jpg;1631;1218;600;584
image_43.jpg;1548;1186;600;584
image_44.jpg;1683;1121;600;584
image_45.jpg;1614;1107;600;584
image_46.jpg;1540;1213;631;608
image_47.jpg;1667;1100;631;608
image_48.jpg;1696;1016;631;608
image_49.jpg;1719;1183;631;608
image_50.jpg;1687;1047;631;608
image_51.jpg;1688;1219;631;600
image_52.jpg;1659;1217;631;600
image_53.jpg;1596;1249;631;600
image_54.jpg;1546;1206;631;600
image_55.jpg;1525;1264;631;600
image_56.jpg;1575;1190;725;696
image_57.jpg;1603;1081;725;696
image_58.jpg;1538;1190;725;696
image_59.jpg;1625;1261;725;696
image_60.jpg;1615;1153;725;696
image_61.jpg;1716;1234;568;552
image_62.jpg;1616;1069;568;552
image_63.jpg;1711;1182;568;552
image_64.jpg;1691;1063;568;552
image_65.jpg;1546;1140;568;552
image_66.jpg;1684;1217;630;589
image_67.jpg;1673;1223;630;589
image_68.jpg;1722;1206;630;589
image_69.jpg;1606;1221;630;589
image_70.jpg;1725;1173;630;589
image_71.jpg;1531;1257;566;553
image_72.jpg;1595;1171;566;553
image_73.jpg;1622;1116;566;553
image_74.jpg;1686;1268;566;553
image_75.jpg;1532;1179;566;553
image_76.jpg;1671;1103;607;622
image_77.jpg;1531;1225;607;622
image_78.jpg;1608;1229;607;622
image_79.jpg;1711;1126;607;622
image_80.jpg;1643;1144;607;622
image_81.jpg;1569;1254;575;576
image_82.jpg;1574;1238;575;576
image_83.jpg;1699;1239;575;576
image_84.jpg;1617;1233;575;576
image_85.jpg;1541;1263;575;576
image_86.jpg;1531;1125;528;542
image_87.jpg;1572;1122;528;542
image_88.jpg;1545;1144;528;542
image_89.jpg;1660;1074;528;542
image_90.jpg;1704;1221;528;542
image_91.jpg;1587;1028;512;496
image_92.jpg;1644;1021;512;496
image_93.jpg;1504;1168;512;496
image_94.jpg;1649;1054;512;496
image_95.jpg;1492;1073;512;496
image_96.jpg;1651;1166;594;591
image_97.jpg;1676;1135;594;591
image_98.jpg;1658;1129;594;591
image_99.jpg;1616;1121;594;591
image_100.jpg;1561;1172;594;591
image_101.jpg;1472;1087;660;620
image_102.jpg;1555;1104;660;620
image_103.jpg;1599;1099;660;620
image_104.jpg;1657;1117;660;620
image_105.jpg;1628;1260;660;620
image_106.jpg;1685;1258;706;704
image_107.jpg;1535;1178;706;704
image_108.jpg;1590;1229;706;704
image_109.jpg;1568;1269;706;704
image_110.jpg;1597;1192;706;704
image_111.jpg;1529;1125;832;773
image_112.jpg;1485;1077;832;773
image_113.jpg;1460;1087;832;773
image_114.jpg;1558;1155;832;773
image_115.jpg;1484;1173;832;773
image_116.jpg;1599;1300;496;480
image_117.jpg;1683;1244;496;480
image_118.jpg;1680;1269;496;480
image_119.jpg;1508;1149;496;480
image_120.jpg;1580;1152;496;480
image_121.jpg;1594;1242;456;455
image_122.jpg;1612;1122;456;455
image_123.jpg;1718;1164;456;455
image_124.jpg;1594;1276;456;455
image_125.jpg;1537;1238;456;455
image_126.jpg;1584;1031;674;672
image_127.jpg;1502;1042;674;672
image_128.jpg;1625;1141;674;672
image_129.jpg;1560;1205;674;672
image_130.jpg;1652;1168;674;672
image_131.jpg;1732;1139;600;582
image_132.jpg;1594;1219;600;582
image_133.jpg;1566;1224;600;582
image_134.jpg;1676;1187;600;582
image_135.jpg;1632;1239;600;582
image_136.jpg;1663;1085;592;576
image_137.jpg;1668;1116;592;576
image_138.jpg;1607;1114;592;576
image_139.jpg;1557;1225;592;576
image_140.jpg;1548;1248;592;576
image_141.jpg;1608;1174;528;525
image_142.jpg;1446;1100;528;525
image_143.jpg;1639;1217;528;525
image_144.jpg;1527;1236;528;525
image_145.jpg;1449;1280;528;525
image_146.jpg;1631;1316;460;448
image_147.jpg;1529;1330;460;448
image_148.jpg;1510;1232;460;448
image_149.jpg;1593;1279;460;448
image_150.jpg;1581;1200;460;448
image_151.jpg;1592;1190;624;632
image_152.jpg;1664;1042;624;632
image_153.jpg;1707;1043;624;632
image_154.jpg;1694;1104;624;632
image_155.jpg;1558;1192;624;632
image_156.jpg;1577;1149;736;744
image_157.jpg;1599;1188;736;744
image_158.jpg;1659;1217;736;744
image_159.jpg;1644;1280;736;744
image_160.jpg;1673;1192;736;744
image_161.jpg;1651;1106;614;614
image_162.jpg;1561;1042;614;614
image_163.jpg;1565;1227;614;614
image_164.jpg;1615;1127;614;614
image_165.jpg;1470;1044;614;614
image_166.jpg;1563;1127;712;720
image_167.jpg;1552;1131;712;720
image_168.jpg;1656;1109;712;720
image_169.jpg;1618;1282;712;720
image_170.jpg;1574;1201;712;720
image_171.jpg;1634;1124;615;608
image_172.jpg;1657;1263;615;608
image_173.jpg;1587;1284;615;608
image_174.jpg;1698;1198;615;608
image_175.jpg;1660;1299;615;608
image_176.jpg;1515;1238;704;695
image_177.jpg;1648;1057;704;695
image_178.jpg;1680;1215;704;695
image_179.jpg;1680;1091;704;695
image_180.jpg;1627;1222;704;695
image_181.jpg;1601;1245;662;624
image_182.jpg;1551;1199;662;624
image_183.jpg;1494;1201;662;624
image_184.jpg;1550;1266;662;624
image_185.jpg;1580;1276;662;624
image_186.jpg;1606;1268;584;552
image_187.jpg;1553;1218;584;552
image_188.jpg;1691;1302;584;552
image_189.jpg;1530;1272;584;552
image_190.jpg;1614;1226;584;552
image_191.jpg;1645;1121;555;511
image_192.jpg;1630;1026;555;511
image_193.jpg;1608;1163;555;511
image_194.jpg;1752;1154;555;511
image_195.jpg;1613;1047;555;511
image_196.jpg;1697;1256;626;600
image_197.jpg;1633;1093;626;600
image_198.jpg;1592;1193;626;600
image_199.jpg;1569;1086;626;600
image_200.jpg;1617;1207;626;600
image_201.jpg;1625;1080;696;666
image_202.jpg;1609;1145;696;666
image_203.jpg;1628;1201;696;666
image_204.jpg;1547;1199;696;666
image_205.jpg;1698;1118;696;666
image_206.jpg;1645;1127;728;704
image_207.jpg;1565;1222;728;704
image_208.jpg;1601;1056;728;704
image_209.jpg;1669;1166;728;704
image_210.jpg;1609;1109;728;704
image_211.jpg;1571;1249;640;639
image_212.jpg;1699;1154;640;639
image_213.jpg;1516;1201;640;639
image_214.jpg;1692;1192;640;639
image_215.jpg;1582;1115;640;639
image_216.jpg;1591;1225;496;520
image_217.jpg;1524;1216;496;520
image_218.jpg;1662;1274;496;520
image_219.jpg;1554;1253;496;520
image_220.jpg;1643;1227;496;520
image_221.jpg;1650;1197;712;704
image_222.jpg;1593;1155;712;704
image_223.jpg;1663;1067;712;704
image_224.jpg;1541;1074;712;704
image_225.jpg;1600;1144;712;704
image_226.jpg;1653;1157;674;663
image_227.jpg;1569;1069;674;663
image_228.jpg;1660;1154;674;663
image_229.jpg;1656;1090;674;663
image_230.jpg;1527;1158;674;663
image_231.jpg;1597;1305;664;640
image_232.jpg;1536;1234;664;640
image_233.jpg;1599;1154;664;640
image_234.jpg;1612;1292;664;640
image_235.jpg;1655;1138;664;640
image_236.jpg;1677;1230;543;535
image_237.jpg;1724;1267;543;535
image_238.jpg;1697;1272;543;535
image_239.jpg;1605;1281;543;535
image_240.jpg;1662;1250;543;535
image_241.jpg;1506;1170;431;448
image_242.jpg;1628;1171;431;448
image_243.jpg;1539;1159;431;448
image_244.jpg;1521;1228;431;448
image_245.jpg;1549;1293;431;448
image_246.jpg;1619;1128;530;528
image_247.jpg;1496;1213;530;528
image_248.jpg;1617;1198;530;528
image_249.jpg;1515;1113;530;528
image_250.jpg;1689;1194;530;528
image_251.jpg;1592;1220;672;664
image_252.jpg;1601;1203;672;664
image_253.jpg;1641;1107;672;664
image_254.jpg;1629;1244;672;664
image_255.jpg;1675;1220;672;664
image_256.jpg;1504;1200;678;680
image_257.jpg;1542;1123;678;680
image_258.jpg;1624;1258;678;680
image_259.jpg;1612;1175;678;680
image_260.jpg;1682;1266;678;680
image_261.jpg;1647;1214;624;597
image_262.jpg;1621;1302;624;597
image_263.jpg;1580;1226;624;597
image_264.jpg;1542;1144;624;597
image_265.jpg;1650;1140;624;597
image_266.jpg;1573;1190;533;524
image_267.jpg;1552;1262;533;524
image_268.jpg;1504;1219;533;524
image_269.jpg;1637;1133;533;524
image_270.jpg;1552;1235;533;524
image_271.jpg;1477;1302;584;599
image_272.jpg;1650;1285;584;599
image_273.jpg;1541;1273;584;599
image_274.jpg;1578;1184;584;599
image_275.jpg;1547;1275;584;599
image_276.jpg;1560;1131;704;672
image_277.jpg;1543;1190;704;672
image_278.jpg;1537;1295;704;672
image_279.jpg;1526;1182;704;672
image_280.jpg;1594;1297;704;672
image_281.jpg;1520;1220;621;622
image_282.jpg;1689;1334;621;622
image_283.jpg;1646;1199;621;622
image_284.jpg;1532;1356;621;622
image_285.jpg;1557;1197;621;622
image_286.jpg;1717;1146;552;564
image_287.jpg;1556;1162;552;564
image_288.jpg;1675;1171;552;564
image_289.jpg;1725;1162;552;564
image_290.jpg;1613;1297;552;564
image_291.jpg;1585;1283;544;526
image_292.jpg;1649;1186;544;526
image_293.jpg;1583;1163;544;526
image_294.jpg;1669;1274;544;526
image_295.jpg;1589;1279;544;526
image_296.jpg;1661;1247;528;520
image_297.jpg;1541;1217;528;520
image_298.jpg;1547;1271;528;520
image_299.jpg;1600;1279;528;520
image_300.jpg;1545;1263;528;520
image_301.jpg;1674;1188;656;648
image_302.jpg;1571;1183;656;648
image_303.jpg;1597;1267;656;648
image_304.jpg;1610;1171;656;648
image_305.jpg;1616;1225;656;648
image_306.jpg;1599;1227;728;752
image_307.jpg;1719;1223;728;752
image_308.jpg;1534;1174;728;752
image_309.jpg;1665;1227;728;752
image_310.jpg;1560;1166;728;752
image_311.jpg;1579;1180;560;552
image_312.jpg;1643;1077;560;552
image_313.jpg;1701;1076;560;552
image_314.jpg;1696;1199;560;552
image_315.jpg;1562;1141;560;552
image_316.jpg;1615;1121;688;688
image_317.jpg;1566;1164;688;688
image_318.jpg;1564;1097;688;688
image_319.jpg;1544;1123;688;688
image_320.jpg;1556;1209;688;688
image_321.jpg;1706;1118;584;560
image_322.jpg;1608;1143;584;560
image_323.jpg;1536;1109;584;560
image_324.jpg;1576;1173;584;560
image_325.jpg;1597;1205;584;560
image_326.jpg;1583;1190;664;634
image_327.jpg;1577;1300;664;634
image_328.jpg;1609;1179;664;634
image_329.jpg;1558;1210;664;634
image_330.jpg;1693;1172;664;634
image_331.jpg;1587;1261;642;632
image_332.jpg;1562;1173;642;632
image_333.jpg;1473;1221;642;632
image_334.jpg;1623;1160;642;632
image_335.jpg;1628;1128;642;632
image_336.jpg;1478;1132;488;463
image_337.jpg;1649;1263;488;463
image_338.jpg;1538;1111;488;463
image_339.jpg;1518;1246;488;463
image_340.jpg;1652;1244;488;463
image_341.jpg;1642;1117;636;609
image_342.jpg;1577;1094;636;609
image_343.jpg;1615;1201;636;609
image_344.jpg;1664;1088;636;609
image_345.jpg;1645;1110;636;609
image_346.jpg;1663;1132;592;568
image_347.jpg;1530;1146;592;568
image_348.jpg;1585;1094;592;568
image_349.jpg;1649;1131;592;568
image_350.jpg;1491;1076;592;568
image_351.jpg;1493;1224;690;672
image_352.jpg;1599;1293;690;672
image_353.jpg;1554;1318;690;672
image_354.jpg;1672;1281;690;672
image_355.jpg;1552;1243;690;672
image_356.jpg;1584;1227;569;568
image_357.jpg;1569;1280;569;568
image_358.jpg;1690;1279;569;568
image_359.jpg;1620;1213;569;568
image_360.jpg;1603;1181;569;568
image_361.jpg;1543;1140;710;688
image_362.jpg;1551;1247;710;688
image_363.jpg;1601;1281;710;688
image_364.jpg;1498;1141;710;688
image_365.jpg;1553;1125;710;688
image_366.jpg;1715;1177;538;528
image_367.jpg;1635;1095;538;528
image_368.jpg;1732;1184;538;528
image_369.jpg;1656;1219;538;528
image_370.jpg;1682;1100;538;528
image_371.jpg;1582;1270;442;445
image_372.jpg;1670;1276;442;445
image_373.jpg;1729;1186;442;445
image_374.jpg;1603;1229;442;445
image_375.jpg;1632;1115;442;445
image_376.jpg;1618;1159;728;728
image_377.jpg;1712;1057;728;728
image_378.jpg;1693;1158;728;728
image_379.jpg;1721;1061;728;728
image_380.jpg;1685;1057;728;728
image_381.jpg;1550;1051;696;680
image_382.jpg;1705;1045;696;680
image_383.jpg;1529;1051;696;680
image_384.jpg;1545;1090;696;680
image_385.jpg;1609;1225;696;680
image_386.jpg;1643;1130;456;463
image_387.jpg;1670;1091;456;463
image_388.jpg;1630;1212;456;463
image_389.jpg;1750;1264;456;463
image_390.jpg;1675;1211;456;463
image_391.jpg;1503;1176;518;519
image_392.jpg;1597;1133;518;519
image_393.jpg;1573;1194;518;519
image_394.jpg;1591;1238;518;519
image_395.jpg;1489;1098;518;519
image_396.jpg;1705;1040;592;592
image_397.jpg;1578;1034;592;592
image_398.jpg;1663;1198;592;592
image_399.jpg;1598;1128;592;592
image_400.jpg;1548;1136;592;592
image_401.jpg;1652;1266;557;553
image_402.jpg;1613;1258;557;553
image_403.jpg;1566;1232;557;553
image_404.jpg;1679;1132;557;553
image_405.jpg;1665;1257;557;553
image_406.jpg;1615;1169;560;552
image_407.jpg;1663;1192;560;552
image_408.jpg;1671;1280;560;552
image_409.jpg;1571;1172;560;552
image_410.jpg;1633;1189;560;552
image_411.jpg;1445;1153;584;568
image_412.jpg;1602;1157;584;568
image_413.jpg;1478;1183;584;568
image_414.jpg;1611;1199;584;568
image_415.jpg;1474;1084;584;568
image_416.jpg;1660;1281;624;609
image_417.jpg;1515;1153;624;609
image_418.jpg;1651;1233;624;609
image_419.jpg;1540;1180;624;609
image_420.jpg;1593;1259;624;609
image_421.jpg;1549;1116;671;647
image_422.jpg;1524;1038;671;647
image_423.jpg;1603;1157;671;647
image_424.jpg;1650;1161;671;647
image_425.jpg;1699;1043;671;647
image_426.jpg;1704;1117;624;606
image_427.jpg;1534;1104;624;606
image_428.jpg;1625;1232;624;606
image_429.jpg;1553;1128;624;606
image_430.jpg;1538;1174;624;606
image_431.jpg;1520;1196;552;554
image_432.jpg;1591;1107;552;554
image_433.jpg;1647;1215;552;554
image_434.jpg;1684;1205;552;554
image_435.jpg;1673;1206;552;554
image_436.jpg;1665;1075;496;471
image_437.jpg;1718;1129;496;471
image_438.jpg;1727;1140;496;471
image_439.jpg;1622;1199;496;471
image_440.jpg;1732;1108;496;471
image_441.jpg;1606;1180;579;554
image_442.jpg;1667;1275;579;554
image_443.jpg;1584;1328;579;554
image_444.jpg;1680;1203;579;554
image_445.jpg;1694;1146;579;554
image_446.jpg;1668;1158;520;502
image_447.jpg;1609;1288;520;502
image_448.jpg;1655;1129;520;502
image_449.jpg;1579;1232;520;502
image_450.jpg;1522;1294;520;502
image_451.jpg;1650;1255;647;651
image_452.jpg;1515;1232;647;651
image_453.jpg;1646;1197;647;651
image_454.jpg;1594;1243;647;651
image_455.jpg;1677;1223;647;651
image_456.jpg;1585;1099;656;672
image_457.jpg;1633;1149;656;672
image_458.jpg;1642;1126;656;672
image_459.jpg;1677;1229;656;672
image_460.jpg;1677;1191;656;672
image_461.jpg;1615;1190;608;616
image_462.jpg;1658;1245;608;616
image_463.jpg;1647;1253;608;616
image_464.jpg;1656;1163;608;616
image_465.jpg;1676;1197;608;616
image_466.jpg;1676;1160;703;714
image_467.jpg;1659;1205;703;714
image_468.jpg;1659;1271;703;714
image_469.jpg;1525;1290;703;714
image_470.jpg;1669;1208;703;714
image_471.jpg;1729;1088;616;656
image_472.jpg;1738;1162;616;656
image_473.jpg;1651;1182;616;656
image_474.jpg;1715;1150;616;656
image_475.jpg;1628;1097;616;656
image_476.jpg;1608;1181;714;702
image_477.jpg;1674;1214;714;702
image_478.jpg;1509;1244;714;702
image_479.jpg;1511;1082;714;702
image_480.jpg;1653;1174;714;702
image_481.jpg;1724;1213;552;544
image_482.jpg;1701;1207;552;544
image_483.jpg;1554;1178;552;544
image_484.jpg;1569;1179;552;544
image_485.jpg;1736;1052;552;544
image_486.jpg;1669;1259;504;522
image_487.jpg;1711;1235;504;522
image_488.jpg;1661;1224;504;522
image_489.jpg;1635;1203;504;522
image_490.jpg;1528;1259;504;522
image_491.jpg;1593;1100;634;640
image_492.jpg;1647;1121;634;640
image_493.jpg;1654;1107;634;640
image_494.jpg;1681;1101;634;640
image_495.jpg;1592;1209;634;640
image_496.jpg;1538;1264;576;592
image_497.jpg;1523;1262;576;592
image_498.jpg;1589;1175;576;592
image_499.jpg;1610;1209;576;592
image_500.jpg;1618;1156;576;592
image_501.jpg;1550;1191;634;645
image_502.jpg;1706;1167;634;645
image_503.jpg;1555;1221;634;645
image_504.jpg;1699;1174;634;645
image_505.jpg;1653;1119;634;645
image_506.jpg;1635;1178;646;632
image_507.jpg;1722;1187;646;632
image_508.jpg;1686;1282;646;632
image_509.jpg;1588;1192;646;632
image_510.jpg;1727;1141;646;632
image_511.jpg;1729;1181;584;584
image_512.jpg;1603;1130;584;584
image_513.jpg;1661;1136;584;584
image_514.jpg;1691;1163;584;584
image_515.jpg;1663;1146;584;584
image_516.jpg;1560;1123;666;663
image_517.jpg;1657;1143;666;663
image_518.jpg;1583;1166;666;663
image_519.jpg;1532;1132;666;663
image_520.jpg;1498;1152;666;663
image_521.jpg;1615;1171;616;616
image_522.jpg;1542;1061;616;616
image_523.jpg;1685;1196;616;616
image_524.jpg;1602;1187;616;616
image_525.jpg;1708;1070;616;616
image_526.jpg;1490;1074;799;783
image_527.jpg;1472;1120;799;783
image_528.jpg;1535;1134;799;783
image_529.jpg;1575;1192;799;783
image_530.jpg;1496;1084;799;783
image_531.jpg;1544;1129;563;552
image_532.jpg;1521;1149;563;552
image_533.jpg;1676;1062;563;552
image_534.jpg;1554;1225;563;552
image_535.jpg;1648;1112;563;552
image_536.jpg;1633;1140;568;535
image_537.jpg;1707;1154;568;535
image_538.jpg;1688;1142;568;535
image_539.jpg;1619;1261;568;535
image_540.jpg;1623;1169;568;535
image_541.jpg;1557;1084;592;579
image_542.jpg;1531;1170;592;579
image_543.jpg;1669;1212;592;579
image_544.jpg;1548;1145;592;579
image_545.jpg;1575;1075;592;579
image_546.jpg;1587;1172;640;600
image_547.jpg;1582;1180;640;600
image_548.jpg;1670;1261;640;600
image_549.jpg;1527;1167;640;600
image_550.jpg;1638;1168;640;600
image_551.jpg;1624;1197;695;672
image_552.jpg;1642;1176;695;672
image_553.jpg;1566;1105;695;672
image_554.jpg;1601;1199;695;672
image_555.jpg;1628;1225;695;672
image_556.jpg;1539;1143;664;656
image_557.jpg;1717;1235;664;656
image_558.jpg;1712;1128;664;656
image_559.jpg;1565;1153;664;656
image_560.jpg;1710;1252;664;656
image_561.jpg;1570;1187;656;647
image_562.jpg;1688;1161;656;647
image_563.jpg;1650;1062;656;647
image_564.jpg;1593;1193;656;647
image_565.jpg;1674;1172;656;647
image_566.jpg;1574;1320;656;629
image_567.jpg;1584;1257;656;629
image_568.jpg;1587;1202;656;629
image_569.jpg;1537;1242;656;629
image_570.jpg;1605;1330;656;629
image_571.jpg;1719;1137;664;632
image_572.jpg;1553;1077;664;632
image_573.jpg;1694;1145;664;632
image_574.jpg;1629;1166;664;632
image_575.jpg;1706;1249;664;632
image_576.jpg;1572;1266;672;648
image_577.jpg;1547;1187;672;648
image_578.jpg;1603;1285;672;648
image_579.jpg;1502;1159;672;648
image_580.jpg;1491;1270;672;648
image_581.jpg;1678;1041;464;462
image_582.jpg;1591;1167;464;462
image_583.jpg;1657;1205;464;462
image_584.jpg;1631;1131;464;462
image_585.jpg;1629;1099;464;462
image_586.jpg;1628;1210;648;632
image_587.jpg;1563;1283;648;632
image_588.jpg;1532;1243;648;632
image_589.jpg;1703;1204;648;632
image_590.jpg;1618;1153;648;632
image_591.jpg;1543;1249;644;630
image_592.jpg;1570;1136;644;630
image_593.jpg;1509;1111;644;630
image_594.jpg;1509;1295;644;630
image_595.jpg;1550;1193;644;630
image_596.jpg;1616;1034;616;615
image_597.jpg;1610;1004;616;615
image_598.jpg;1532;1053;616;615
image_599.jpg;1635;1160;616;615
image_600.jpg;1570;1172;616;615
image_601.jpg;1597;1189;626;612
image_602.jpg;1571;1123;626;612
image_603.jpg;1579;1188;626;612
image_604.jpg;1703;1147;626;612
image_605.jpg;1576;1234;626;612
image_606.jpg;1572;1264;656;664
image_607.jpg;1579;1156;656;664
image_608.jpg;1526;1153;656;664
image_609.jpg;1723;1193;656;664
image_610.jpg;1530;1127;656;664
image_611.jpg;1662;1315;655;648
image_612.jpg;1691;1285;655;648
image_613.jpg;1698;1169;655;648
image_614.jpg;1687;1245;655;648
image_615.jpg;1535;1241;655;648
image_616.jpg;1620;1276;690;682
image_617.jpg;1538;1277;690;682
image_618.jpg;1629;1266;690;682
image_619.jpg;1631;1240;690;682
image_620.jpg;1524;1250;690;682
image_621.jpg;1596;1263;632;647
image_622.jpg;1640;1106;632;647
image_623.jpg;1573;1221;632;647
image_624.jpg;1602;1116;632;647
image_625.jpg;1624;1262;632;647
image_626.jpg;1524;1248;584;560
image_627.jpg;1641;1112;584;560
image_628.jpg;1672;1242;584;560
image_629.jpg;1638;1151;584;560
image_630.jpg;1609;1139;584;560
image_631.jpg;1657;1251;542;528
image_632.jpg;1676;1096;542;528
image_633.jpg;1547;1221;542;528
image_634.jpg;1625;1114;542;528
image_635.jpg;1533;1239;542;528
image_636.jpg;1534;1293;631;600
image_637.jpg;1590;1175;631;600
image_638.jpg;1660;1225;631;600
image_639.jpg;1538;1248;631;600
image_640.jpg;1631;1175;631;600
image_641.jpg;1605;1113;636;607
image_642.jpg;1654;1105;636;607
image_643.jpg;1668;1244;636;607
image_644.jpg;1565;1235;636;607
image_645.jpg;1677;1277;636;607
image_646.jpg;1554;1213;608;591
image_647.jpg;1585;1251;608;591
image_648.jpg;1687;1267;608;591
image_649.jpg;1670;1216;608;591
image_650.jpg;1621;1210;608;591
image_651.jpg;1600;1269;688;654
image_652.jpg;1663;1224;688;654
image_653.jpg;1495;1234;688;654
image_654.jpg;1509;1180;688;654
image_655.jpg;1628;1114;688;654
image_656.jpg;1671;1285;631;638
image_657.jpg;1600;1105;631;638
image_658.jpg;1548;1151;631;638
image_659.jpg;1571;1153;631;638
image_660.jpg;1543;1194;631;638
image_661.jpg;1571;1228;650;664
image_662.jpg;1481;1226;650;664
image_663.jpg;1565;1225;650;664
image_664.jpg;1559;1128;650;664
image_665.jpg;1591;1135;650;664
image_666.jpg;1636;1268;668;647
image_667.jpg;1531;1123;668;647
image_668.jpg;1482;1254;668;647
image_669.jpg;1646;1268;668;647
image_670.jpg;1567;1268;668;647
image_671.jpg;1640;1163;666;655
image_672.jpg;1484;1093;666;655
image_673.jpg;1660;1218;666;655
image_674.jpg;1572;1126;666;655
image_675.jpg;1610;1081;666;655
image_676.jpg;1676;1300;634;615
image_677.jpg;1599;1186;634;615
image_678.jpg;1565;1132;634;615
image_679.jpg;1602;1292;634;615
image_680.jpg;1649;1152;634;615
image_681.jpg;1575;1223;552;568
image_682.jpg;1697;1167;552;568
image_683.jpg;1720;1280;552;568
image_684.jpg;1695;1206;552;568
image_685.jpg;1719;1260;552;568
image_686.jpg;1593;1119;568;544
image_687.jpg;1576;1188;568;544
image_688.jpg;1709;1164;568;544
image_689.jpg;1513;1113;568;544
image_690.jpg;1677;1255;568;544
image_691.jpg;1503;1058;666;640
image_692.jpg;1681;1101;666;640
image_693.jpg;1519;1202;666;640
image_694.jpg;1654;1123;666;640
image_695.jpg;1500;1074;666;640
image_696.jpg;1710;1194;552;535
image_697.jpg;1746;1113;552;535
image_698.jpg;1600;1115;552;535
image_699.jpg;1722;1212;552;535
image_700.jpg;1628;1243;552;535
image_701.jpg;1689;1220;624;600
image_702.jpg;1548;1120;624;600
image_703.jpg;1664;1234;624;600
image_704.jpg;1695;1207;624;600
image_705.jpg;1601;1215;624;600
image_706.jpg;1594;1244;654;654
image_707.jpg;1661;1170;654;654
image_708.jpg;1589;1256;654;654
image_709.jpg;1503;1234;654;654
image_710.jpg;1522;1198;654;654
image_711.jpg;1619;1146;608;600
image_712.jpg;1576;1252;608;600
image_713.jpg;1640;1212;608;600
image_714.jpg;1658;1214;608;600
image_715.jpg;1589;1208;608;600
image_716.jpg;1609;1151;660;640
image_717.jpg;1519;1133;660;640
image_718.jpg;1554;1123;660;640
image_719.jpg;1623;1129;660;640
image_720.jpg;1607;1191;660;640
image_721.jpg;1633;1230;663;648
image_722.jpg;1622;1273;663;648
image_723.jpg;1500;1226;663;648
image_724.jpg;1503;1244;663;648
image_725.jpg;1613;1140;663;648
image_726.jpg;1685;1226;652;632
image_727.jpg;1537;1207;652;632
image_728.jpg;1656;1266;652;632
image_729.jpg;1496;1273;652;632
image_730.jpg;1586;1132;652;632
image_731.jpg;1676;1182;660;624
image_732.jpg;1522;1237;660;624
image_733.jpg;1530;1188;660;624
image_734.jpg;1576;1199;660;624
image_735.jpg;1613;1204;660;624
image_736.jpg;1604;1123;592;552
image_737.jpg;1728;1274;592;552
image_738.jpg;1665;1158;592;552
image_739.jpg;1669;1302;592;552
image_740.jpg;1551;1302;592;552
image_741.jpg;1655;1133;632;592
image_742.jpg;1641;1235;632;592
image_743.jpg;1552;1221;632;592
image_744.jpg;1602;1164;632;592
image_745.jpg;1646;1170;632;592
image_746.jpg;1603;1068;608;592
image_747.jpg;1592;1140;608;592
image_748.jpg;1593;1095;608;592
image_749.jpg;1541;1063;608;592
image_750.jpg;1579;1187;608;592
